"p","n","k","AIC","BIC","adj_R2"
0,200,1,1030.16187501487,1036.75850974796,0
1,200,2,865.349336781481,875.244288881125,0.563525313400145
2,200,3,862.173027557973,875.366297024165,0.572518019041347
3,200,4,844.13029477601,860.62188160875,0.611307888421782
4,200,5,845.93921509462,865.729119293908,0.609687677505597
